intervention_id,student_id,intervention_type,date,notes,attendance_before,math_before,attendance_after,math_after
1,1747,Home Visit,2025-08-24,Home Visit conducted for student 1747,62,55,66,58
2,79,Counselling Session,2025-06-19,Counselling Session conducted for student 79,55,66,56,67
3,1916,Uniform Provided,2025-10-02,Uniform Provided conducted for student 1916,59,31,70,39
4,1869,Parent-Teacher Meeting,2025-06-17,Parent-Teacher Meeting conducted for student 1869,53,58,72,73
5,366,Bicycle Provided,2025-03-13,Bicycle Provided conducted for student 366,64,29,80,42
6,830,Scholarship Application,2025-09-09,Scholarship Application conducted for student 830,28,63,39,71
7,1232,Uniform Provided,2025-07-07,Uniform Provided conducted for student 1232,74,54,84,62
8,1093,Peer Buddy Assignment,2025-01-22,Peer Buddy Assignment conducted for student 1093,67,68,76,75
9,1766,Counselling Session,2025-03-08,Counselling Session conducted for student 1766,41,32,52,41
10,1447,Counselling Session,2025-03-04,Counselling Session conducted for student 1447,52,87,70,100
11,1510,Home Visit,2025-11-28,Home Visit conducted for student 1510,74,56,80,61
12,1980,Counselling Session,2025-09-26,Counselling Session conducted for student 1980,56,49,66,57
13,323,Peer Buddy Assignment,2025-10-21,Peer Buddy Assignment conducted for student 323,68,32,83,44
14,931,Bicycle Provided,2025-11-26,Bicycle Provided conducted for student 931,60,65,75,77
15,1139,Peer Buddy Assignment,2025-01-21,Peer Buddy Assignment conducted for student 1139,73,28,89,41
16,699,Home Visit,2025-07-13,Home Visit conducted for student 699,58,49,72,60
17,473,Home Visit,2025-02-02,Home Visit conducted for student 473,57,36,66,43
18,1536,Peer Buddy Assignment,2025-04-16,Peer Buddy Assignment conducted for student 1536,51,49,66,61
19,1130,Peer Buddy Assignment,2025-07-18,Peer Buddy Assignment conducted for student 1130,45,49,57,58
20,1609,Scholarship Application,2025-04-09,Scholarship Application conducted for student 1609,54,45,72,59
21,1130,Bicycle Provided,2025-11-10,Bicycle Provided conducted for student 1130,45,49,57,58
22,1354,Uniform Provided,2025-01-08,Uniform Provided conducted for student 1354,68,90,82,100
23,1774,Home Visit,2025-07-16,Home Visit conducted for student 1774,82,58,88,63
24,679,Bicycle Provided,2025-09-26,Bicycle Provided conducted for student 679,43,41,57,52
25,1292,Scholarship Application,2025-04-11,Scholarship Application conducted for student 1292,53,36,60,41
26,1605,Uniform Provided,2025-01-26,Uniform Provided conducted for student 1605,37,50,46,57
27,80,Scholarship Application,2025-12-04,Scholarship Application conducted for student 80,61,26,76,38
28,355,Scholarship Application,2025-02-11,Scholarship Application conducted for student 355,63,83,69,88
29,1465,Home Visit,2025-11-28,Home Visit conducted for student 1465,72,50,87,62
30,1845,Uniform Provided,2025-11-02,Uniform Provided conducted for student 1845,67,49,74,54
31,323,Counselling Session,2025-09-16,Counselling Session conducted for student 323,68,32,80,41
32,772,Scholarship Application,2025-09-09,Scholarship Application conducted for student 772,66,32,80,43
33,1075,Parent-Teacher Meeting,2025-05-02,Parent-Teacher Meeting conducted for student 1075,44,32,50,36
34,850,Scholarship Application,2025-02-03,Scholarship Application conducted for student 850,45,60,51,64
35,1730,Parent-Teacher Meeting,2025-08-02,Parent-Teacher Meeting conducted for student 1730,38,17,51,27
36,711,Counselling Session,2025-03-08,Counselling Session conducted for student 711,64,31,83,46
37,1439,Extra Coaching,2025-01-07,Extra Coaching conducted for student 1439,64,52,72,58
38,84,Uniform Provided,2025-02-11,Uniform Provided conducted for student 84,57,85,69,95
39,642,Bicycle Provided,2025-09-20,Bicycle Provided conducted for student 642,52,39,53,40
40,1621,Home Visit,2025-10-21,Home Visit conducted for student 1621,27,40,35,47
41,1130,Uniform Provided,2025-10-15,Uniform Provided conducted for student 1130,45,49,55,57
42,1611,Peer Buddy Assignment,2025-04-21,Peer Buddy Assignment conducted for student 1611,51,35,70,50
43,1562,Parent-Teacher Meeting,2025-06-14,Parent-Teacher Meeting conducted for student 1562,59,64,69,72
44,622,Parent-Teacher Meeting,2025-07-16,Parent-Teacher Meeting conducted for student 622,73,33,84,42
45,1038,Parent-Teacher Meeting,2025-01-25,Parent-Teacher Meeting conducted for student 1038,38,50,57,65
46,1455,Bicycle Provided,2025-12-28,Bicycle Provided conducted for student 1455,46,64,54,70
47,211,Parent-Teacher Meeting,2025-01-03,Parent-Teacher Meeting conducted for student 211,58,64,66,70
48,1712,Peer Buddy Assignment,2025-10-11,Peer Buddy Assignment conducted for student 1712,70,50,79,57
49,389,Uniform Provided,2025-09-22,Uniform Provided conducted for student 389,67,45,71,48
50,208,Counselling Session,2025-06-19,Counselling Session conducted for student 208,90,34,100,49
51,731,Extra Coaching,2025-08-23,Extra Coaching conducted for student 731,69,62,87,76
52,44,Peer Buddy Assignment,2025-11-15,Peer Buddy Assignment conducted for student 44,74,39,78,42
53,105,Bicycle Provided,2025-09-25,Bicycle Provided conducted for student 105,38,63,52,74
54,130,Home Visit,2025-03-19,Home Visit conducted for student 130,58,10,74,23
55,1426,Extra Coaching,2025-09-12,Extra Coaching conducted for student 1426,33,53,51,67
56,1564,Parent-Teacher Meeting,2025-11-06,Parent-Teacher Meeting conducted for student 1564,70,46,89,61
57,1580,Scholarship Application,2025-04-06,Scholarship Application conducted for student 1580,54,76,60,80
58,1608,Bicycle Provided,2025-12-12,Bicycle Provided conducted for student 1608,97,29,98,30
59,860,Extra Coaching,2025-11-24,Extra Coaching conducted for student 860,45,38,50,42
60,411,Scholarship Application,2025-10-14,Scholarship Application conducted for student 411,75,37,90,49
61,567,Home Visit,2025-08-07,Home Visit conducted for student 567,43,41,48,45
62,593,Bicycle Provided,2025-08-23,Bicycle Provided conducted for student 593,51,42,56,46
63,1159,Peer Buddy Assignment,2025-12-04,Peer Buddy Assignment conducted for student 1159,49,16,55,21
64,623,Extra Coaching,2025-09-10,Extra Coaching conducted for student 623,40,43,53,53
65,1012,Uniform Provided,2025-05-24,Uniform Provided conducted for student 1012,51,69,69,83
66,231,Counselling Session,2025-07-03,Counselling Session conducted for student 231,59,23,67,30
67,1543,Extra Coaching,2025-01-06,Extra Coaching conducted for student 1543,67,29,84,43
68,806,Counselling Session,2025-09-22,Counselling Session conducted for student 806,63,42,64,43
69,1035,Counselling Session,2025-11-27,Counselling Session conducted for student 1035,73,34,91,49
70,1349,Counselling Session,2025-04-26,Counselling Session conducted for student 1349,42,49,57,61
71,976,Parent-Teacher Meeting,2025-11-16,Parent-Teacher Meeting conducted for student 976,57,36,64,42
72,577,Home Visit,2025-12-19,Home Visit conducted for student 577,24,10,29,14
73,59,Scholarship Application,2025-12-16,Scholarship Application conducted for student 59,58,43,74,55
74,1520,Parent-Teacher Meeting,2025-01-24,Parent-Teacher Meeting conducted for student 1520,57,27,76,42
75,194,Peer Buddy Assignment,2025-09-13,Peer Buddy Assignment conducted for student 194,90,45,95,49
76,1427,Scholarship Application,2025-04-25,Scholarship Application conducted for student 1427,62,50,80,64
77,1349,Peer Buddy Assignment,2025-07-28,Peer Buddy Assignment conducted for student 1349,42,49,54,59
78,683,Home Visit,2025-10-24,Home Visit conducted for student 683,57,49,69,59
79,1010,Bicycle Provided,2025-12-27,Bicycle Provided conducted for student 1010,79,15,82,17
80,1232,Scholarship Application,2025-07-13,Scholarship Application conducted for student 1232,74,54,83,61
81,79,Counselling Session,2025-10-24,Counselling Session conducted for student 79,55,66,62,72
82,1732,Bicycle Provided,2025-07-14,Bicycle Provided conducted for student 1732,50,50,69,65
83,1966,Home Visit,2025-03-11,Home Visit conducted for student 1966,54,34,68,45
84,1660,Scholarship Application,2025-05-06,Scholarship Application conducted for student 1660,73,84,89,96
85,1912,Home Visit,2025-03-26,Home Visit conducted for student 1912,98,30,100,43
86,1822,Peer Buddy Assignment,2025-03-22,Peer Buddy Assignment conducted for student 1822,52,62,65,73
87,1990,Scholarship Application,2025-05-20,Scholarship Application conducted for student 1990,51,22,62,31
88,914,Home Visit,2025-02-07,Home Visit conducted for student 914,59,72,73,83
89,969,Bicycle Provided,2025-09-08,Bicycle Provided conducted for student 969,56,59,73,73
90,1993,Uniform Provided,2025-06-20,Uniform Provided conducted for student 1993,57,47,71,58
91,1471,Counselling Session,2025-08-28,Counselling Session conducted for student 1471,44,51,53,58
92,997,Counselling Session,2025-06-05,Counselling Session conducted for student 997,51,73,63,83
93,1304,Parent-Teacher Meeting,2025-07-04,Parent-Teacher Meeting conducted for student 1304,57,87,62,91
94,308,Home Visit,2025-10-06,Home Visit conducted for student 308,44,66,48,69
95,914,Extra Coaching,2025-02-15,Extra Coaching conducted for student 914,59,72,65,76
96,1568,Bicycle Provided,2025-06-14,Bicycle Provided conducted for student 1568,55,69,72,83
97,1454,Peer Buddy Assignment,2025-07-27,Peer Buddy Assignment conducted for student 1454,53,68,54,68
98,1391,Bicycle Provided,2025-04-16,Bicycle Provided conducted for student 1391,43,74,58,86
99,245,Bicycle Provided,2025-04-03,Bicycle Provided conducted for student 245,49,61,60,70
100,1978,Extra Coaching,2025-12-21,Extra Coaching conducted for student 1978,50,53,57,59
101,667,Extra Coaching,2025-06-19,Extra Coaching conducted for student 667,81,29,96,41
102,755,Peer Buddy Assignment,2025-08-22,Peer Buddy Assignment conducted for student 755,83,48,91,55
103,10,Parent-Teacher Meeting,2025-02-10,Parent-Teacher Meeting conducted for student 10,58,49,70,58
104,1359,Home Visit,2025-04-28,Home Visit conducted for student 1359,62,45,81,60
105,814,Extra Coaching,2025-01-06,Extra Coaching conducted for student 814,53,56,67,67
106,1562,Extra Coaching,2025-06-03,Extra Coaching conducted for student 1562,59,64,73,75
107,1822,Scholarship Application,2025-05-25,Scholarship Application conducted for student 1822,52,62,57,66
108,1522,Parent-Teacher Meeting,2025-09-13,Parent-Teacher Meeting conducted for student 1522,57,40,66,47
109,987,Peer Buddy Assignment,2025-09-18,Peer Buddy Assignment conducted for student 987,80,14,84,17
110,562,Home Visit,2025-05-16,Home Visit conducted for student 562,41,55,56,67
111,1903,Scholarship Application,2025-02-09,Scholarship Application conducted for student 1903,32,38,50,52
112,948,Parent-Teacher Meeting,2025-07-24,Parent-Teacher Meeting conducted for student 948,82,42,96,53
113,1678,Counselling Session,2025-06-22,Counselling Session conducted for student 1678,45,85,54,92
114,615,Scholarship Application,2025-03-12,Scholarship Application conducted for student 615,48,87,49,88
115,1718,Parent-Teacher Meeting,2025-12-26,Parent-Teacher Meeting conducted for student 1718,71,86,82,95
116,993,Uniform Provided,2025-10-27,Uniform Provided conducted for student 993,62,37,68,42
117,1914,Counselling Session,2025-03-28,Counselling Session conducted for student 1914,69,39,82,50
118,1875,Parent-Teacher Meeting,2025-01-19,Parent-Teacher Meeting conducted for student 1875,40,52,46,57
119,1743,Scholarship Application,2025-08-16,Scholarship Application conducted for student 1743,61,44,74,54
120,923,Bicycle Provided,2025-02-17,Bicycle Provided conducted for student 923,74,24,77,27
121,642,Extra Coaching,2025-09-02,Extra Coaching conducted for student 642,52,39,53,39
122,420,Uniform Provided,2025-04-03,Uniform Provided conducted for student 420,60,64,66,68
123,873,Counselling Session,2025-06-03,Counselling Session conducted for student 873,72,42,90,57
124,1819,Parent-Teacher Meeting,2025-04-14,Parent-Teacher Meeting conducted for student 1819,73,46,82,53
125,1750,Bicycle Provided,2025-03-21,Bicycle Provided conducted for student 1750,52,51,54,52
126,806,Home Visit,2025-08-26,Home Visit conducted for student 806,63,42,73,50
127,1115,Uniform Provided,2025-02-02,Uniform Provided conducted for student 1115,62,43,74,52
128,1007,Bicycle Provided,2025-11-17,Bicycle Provided conducted for student 1007,50,80,56,85
129,476,Parent-Teacher Meeting,2025-03-11,Parent-Teacher Meeting conducted for student 476,88,49,100,61
130,1606,Home Visit,2025-07-21,Home Visit conducted for student 1606,60,32,70,40
131,628,Home Visit,2025-03-28,Home Visit conducted for student 628,69,70,77,76
132,356,Scholarship Application,2025-04-26,Scholarship Application conducted for student 356,43,41,57,52
133,969,Extra Coaching,2025-05-06,Extra Coaching conducted for student 969,56,59,70,70
134,1447,Scholarship Application,2025-01-13,Scholarship Application conducted for student 1447,52,87,52,87
135,137,Peer Buddy Assignment,2025-04-02,Peer Buddy Assignment conducted for student 137,82,39,85,41
136,368,Bicycle Provided,2025-06-21,Bicycle Provided conducted for student 368,73,36,86,47
137,386,Extra Coaching,2025-12-01,Extra Coaching conducted for student 386,48,10,61,20
138,1822,Peer Buddy Assignment,2025-03-10,Peer Buddy Assignment conducted for student 1822,52,62,66,73
139,365,Counselling Session,2025-05-26,Counselling Session conducted for student 365,61,54,64,56
140,204,Bicycle Provided,2025-07-16,Bicycle Provided conducted for student 204,70,45,70,45
141,781,Extra Coaching,2025-02-09,Extra Coaching conducted for student 781,59,54,65,59
142,523,Peer Buddy Assignment,2025-01-04,Peer Buddy Assignment conducted for student 523,67,28,86,43
143,3,Bicycle Provided,2025-07-08,Bicycle Provided conducted for student 3,66,52,70,55
144,806,Peer Buddy Assignment,2025-03-05,Peer Buddy Assignment conducted for student 806,63,42,80,55
145,54,Parent-Teacher Meeting,2025-01-02,Parent-Teacher Meeting conducted for student 54,44,82,63,97
146,478,Scholarship Application,2025-10-05,Scholarship Application conducted for student 478,56,52,59,54
147,875,Peer Buddy Assignment,2025-01-12,Peer Buddy Assignment conducted for student 875,46,51,53,57
148,1315,Home Visit,2025-02-22,Home Visit conducted for student 1315,66,33,80,44
149,1369,Home Visit,2025-02-04,Home Visit conducted for student 1369,59,47,74,59
150,1215,Parent-Teacher Meeting,2025-09-10,Parent-Teacher Meeting conducted for student 1215,72,26,76,29
151,665,Counselling Session,2025-04-08,Counselling Session conducted for student 665,71,41,83,51
152,1860,Extra Coaching,2025-03-17,Extra Coaching conducted for student 1860,52,42,59,48
153,1836,Counselling Session,2025-04-06,Counselling Session conducted for student 1836,57,75,61,78
154,1058,Parent-Teacher Meeting,2025-06-27,Parent-Teacher Meeting conducted for student 1058,74,35,91,48
155,702,Parent-Teacher Meeting,2025-06-05,Parent-Teacher Meeting conducted for student 702,48,63,52,66
156,860,Peer Buddy Assignment,2025-09-13,Peer Buddy Assignment conducted for student 860,45,38,50,42
157,1139,Parent-Teacher Meeting,2025-10-15,Parent-Teacher Meeting conducted for student 1139,73,28,81,34
158,1836,Home Visit,2025-03-09,Home Visit conducted for student 1836,57,75,68,84
159,1975,Bicycle Provided,2025-07-07,Bicycle Provided conducted for student 1975,69,35,74,39
160,51,Home Visit,2025-12-26,Home Visit conducted for student 51,50,74,61,83
161,740,Extra Coaching,2025-04-14,Extra Coaching conducted for student 740,59,43,74,55
162,1130,Uniform Provided,2025-11-28,Uniform Provided conducted for student 1130,45,49,61,62
163,1456,Parent-Teacher Meeting,2025-11-19,Parent-Teacher Meeting conducted for student 1456,56,37,67,45
164,135,Extra Coaching,2025-03-20,Extra Coaching conducted for student 135,92,24,100,31
165,1240,Scholarship Application,2025-06-13,Scholarship Application conducted for student 1240,60,27,76,40
166,769,Counselling Session,2025-06-23,Counselling Session conducted for student 769,59,45,62,47
167,1647,Bicycle Provided,2025-07-12,Bicycle Provided conducted for student 1647,73,27,89,40
168,1755,Counselling Session,2025-05-16,Counselling Session conducted for student 1755,58,82,73,94
169,754,Bicycle Provided,2025-03-12,Bicycle Provided conducted for student 754,63,35,78,47
170,1023,Home Visit,2025-10-14,Home Visit conducted for student 1023,55,98,63,100
171,128,Counselling Session,2025-05-16,Counselling Session conducted for student 128,38,67,53,79
172,1431,Extra Coaching,2025-04-08,Extra Coaching conducted for student 1431,72,65,80,71
173,1732,Extra Coaching,2025-03-10,Extra Coaching conducted for student 1732,50,50,67,64
174,337,Parent-Teacher Meeting,2025-07-14,Parent-Teacher Meeting conducted for student 337,74,56,88,67
175,1258,Scholarship Application,2025-06-07,Scholarship Application conducted for student 1258,59,39,70,47
176,1762,Bicycle Provided,2025-03-25,Bicycle Provided conducted for student 1762,36,40,48,50
177,1125,Extra Coaching,2025-12-08,Extra Coaching conducted for student 1125,58,20,61,22
178,1894,Scholarship Application,2025-12-25,Scholarship Application conducted for student 1894,49,82,68,97
179,61,Uniform Provided,2025-10-05,Uniform Provided conducted for student 61,50,42,55,46
180,1982,Extra Coaching,2025-08-03,Extra Coaching conducted for student 1982,48,67,51,69
181,1039,Uniform Provided,2025-11-23,Uniform Provided conducted for student 1039,57,55,75,69
182,282,Scholarship Application,2025-12-21,Scholarship Application conducted for student 282,62,36,72,44
183,1456,Scholarship Application,2025-06-09,Scholarship Application conducted for student 1456,56,37,60,40
184,1898,Parent-Teacher Meeting,2025-07-18,Parent-Teacher Meeting conducted for student 1898,82,50,88,55
185,1704,Bicycle Provided,2025-04-22,Bicycle Provided conducted for student 1704,71,40,82,49
186,521,Bicycle Provided,2025-02-13,Bicycle Provided conducted for student 521,34,64,48,75
187,1921,Peer Buddy Assignment,2025-05-19,Peer Buddy Assignment conducted for student 1921,36,80,45,87
188,611,Scholarship Application,2025-10-20,Scholarship Application conducted for student 611,41,39,56,51
189,718,Counselling Session,2025-07-04,Counselling Session conducted for student 718,49,45,56,50
190,612,Scholarship Application,2025-11-17,Scholarship Application conducted for student 612,56,47,57,48
191,69,Bicycle Provided,2025-09-21,Bicycle Provided conducted for student 69,50,57,53,60
192,299,Uniform Provided,2025-02-01,Uniform Provided conducted for student 299,58,100,62,100
193,355,Uniform Provided,2025-04-16,Uniform Provided conducted for student 355,63,83,65,85
194,140,Home Visit,2025-08-23,Home Visit conducted for student 140,58,58,61,60
195,802,Home Visit,2025-02-09,Home Visit conducted for student 802,77,10,87,18
196,1705,Bicycle Provided,2025-08-18,Bicycle Provided conducted for student 1705,63,59,81,73
197,336,Home Visit,2025-09-05,Home Visit conducted for student 336,58,74,65,80
198,1707,Parent-Teacher Meeting,2025-10-07,Parent-Teacher Meeting conducted for student 1707,58,34,60,35
199,1528,Counselling Session,2025-05-13,Counselling Session conducted for student 1528,62,38,77,50
200,331,Parent-Teacher Meeting,2025-08-13,Parent-Teacher Meeting conducted for student 331,66,54,69,56
201,1498,Parent-Teacher Meeting,2025-03-24,Parent-Teacher Meeting conducted for student 1498,59,79,70,88
202,1876,Peer Buddy Assignment,2025-07-27,Peer Buddy Assignment conducted for student 1876,52,19,66,30
203,1936,Extra Coaching,2025-07-07,Extra Coaching conducted for student 1936,90,38,100,52
204,826,Scholarship Application,2025-10-04,Scholarship Application conducted for student 826,50,40,59,47
205,552,Parent-Teacher Meeting,2025-01-07,Parent-Teacher Meeting conducted for student 552,57,57,64,63
206,825,Parent-Teacher Meeting,2025-09-28,Parent-Teacher Meeting conducted for student 825,53,50,66,60
207,750,Counselling Session,2025-03-21,Counselling Session conducted for student 750,60,13,68,19
208,593,Bicycle Provided,2025-12-10,Bicycle Provided conducted for student 593,51,42,62,51
209,1546,Counselling Session,2025-10-14,Counselling Session conducted for student 1546,41,29,50,36
210,128,Home Visit,2025-07-22,Home Visit conducted for student 128,38,67,55,81
211,10,Scholarship Application,2025-04-11,Scholarship Application conducted for student 10,58,49,62,52
212,1072,Counselling Session,2025-01-04,Counselling Session conducted for student 1072,80,26,99,41
213,1120,Counselling Session,2025-03-12,Counselling Session conducted for student 1120,42,65,57,77
214,628,Home Visit,2025-02-13,Home Visit conducted for student 628,69,70,84,82
215,55,Scholarship Application,2025-10-20,Scholarship Application conducted for student 55,84,27,89,31
216,1822,Home Visit,2025-02-07,Home Visit conducted for student 1822,52,62,56,65
217,323,Parent-Teacher Meeting,2025-05-07,Parent-Teacher Meeting conducted for student 323,68,32,77,39
218,1520,Bicycle Provided,2025-08-22,Bicycle Provided conducted for student 1520,57,27,73,39
219,1130,Parent-Teacher Meeting,2025-09-26,Parent-Teacher Meeting conducted for student 1130,45,49,47,50
220,499,Home Visit,2025-10-18,Home Visit conducted for student 499,62,40,77,52
221,1926,Parent-Teacher Meeting,2025-02-24,Parent-Teacher Meeting conducted for student 1926,52,56,53,56
222,863,Counselling Session,2025-07-16,Counselling Session conducted for student 863,68,25,80,34
223,1546,Home Visit,2025-02-09,Home Visit conducted for student 1546,41,29,59,43
224,1608,Counselling Session,2025-02-13,Counselling Session conducted for student 1608,97,29,97,29
225,1975,Parent-Teacher Meeting,2025-10-21,Parent-Teacher Meeting conducted for student 1975,69,35,83,46
226,437,Counselling Session,2025-01-02,Counselling Session conducted for student 437,60,46,76,59
227,1193,Peer Buddy Assignment,2025-01-05,Peer Buddy Assignment conducted for student 1193,56,95,66,100
228,1715,Bicycle Provided,2025-07-04,Bicycle Provided conducted for student 1715,58,65,66,71
229,1295,Home Visit,2025-12-03,Home Visit conducted for student 1295,68,51,85,65
230,1738,Home Visit,2025-04-10,Home Visit conducted for student 1738,72,36,74,38
231,1678,Scholarship Application,2025-05-17,Scholarship Application conducted for student 1678,45,85,62,99
232,1527,Extra Coaching,2025-05-18,Extra Coaching conducted for student 1527,79,37,84,41
233,187,Peer Buddy Assignment,2025-01-07,Peer Buddy Assignment conducted for student 187,54,86,60,91
234,452,Counselling Session,2025-07-02,Counselling Session conducted for student 452,67,68,80,79
235,590,Counselling Session,2025-08-27,Counselling Session conducted for student 590,51,59,69,74
236,450,Counselling Session,2025-04-18,Counselling Session conducted for student 450,64,36,71,42
237,1913,Counselling Session,2025-06-26,Counselling Session conducted for student 1913,63,42,72,49
238,1408,Counselling Session,2025-08-04,Counselling Session conducted for student 1408,81,24,85,27
239,1568,Peer Buddy Assignment,2025-12-04,Peer Buddy Assignment conducted for student 1568,55,69,66,78
240,208,Parent-Teacher Meeting,2025-01-05,Parent-Teacher Meeting conducted for student 208,90,34,96,38
241,128,Uniform Provided,2025-11-28,Uniform Provided conducted for student 128,38,67,38,67
242,1295,Counselling Session,2025-05-03,Counselling Session conducted for student 1295,68,51,70,52
243,1621,Uniform Provided,2025-11-10,Uniform Provided conducted for student 1621,27,40,33,45
244,1975,Uniform Provided,2025-12-03,Uniform Provided conducted for student 1975,69,35,84,47
245,513,Scholarship Application,2025-07-16,Scholarship Application conducted for student 513,46,53,62,66
246,127,Extra Coaching,2025-08-13,Extra Coaching conducted for student 127,41,83,46,87
247,206,Bicycle Provided,2025-04-20,Bicycle Provided conducted for student 206,74,57,75,58
248,329,Counselling Session,2025-01-21,Counselling Session conducted for student 329,68,82,77,89
249,461,Counselling Session,2025-11-13,Counselling Session conducted for student 461,84,39,86,40
250,76,Parent-Teacher Meeting,2025-03-08,Parent-Teacher Meeting conducted for student 76,56,72,68,82
251,282,Counselling Session,2025-06-10,Counselling Session conducted for student 282,62,36,79,50
252,718,Counselling Session,2025-12-08,Counselling Session conducted for student 718,49,45,50,46
253,1435,Extra Coaching,2025-04-11,Extra Coaching conducted for student 1435,55,48,56,48
254,270,Bicycle Provided,2025-11-06,Bicycle Provided conducted for student 270,45,11,52,17
255,329,Bicycle Provided,2025-09-09,Bicycle Provided conducted for student 329,68,82,84,95
256,748,Extra Coaching,2025-03-11,Extra Coaching conducted for student 748,61,44,64,46
257,313,Uniform Provided,2025-12-10,Uniform Provided conducted for student 313,66,42,83,56
258,1579,Home Visit,2025-03-21,Home Visit conducted for student 1579,70,76,77,81
259,1103,Uniform Provided,2025-12-26,Uniform Provided conducted for student 1103,65,66,66,67
260,1005,Uniform Provided,2025-10-18,Uniform Provided conducted for student 1005,67,43,78,52
261,560,Parent-Teacher Meeting,2025-09-17,Parent-Teacher Meeting conducted for student 560,50,63,68,77
262,1190,Extra Coaching,2025-07-13,Extra Coaching conducted for student 1190,75,42,87,51
263,1319,Scholarship Application,2025-01-01,Scholarship Application conducted for student 1319,59,31,66,36
264,1390,Extra Coaching,2025-07-15,Extra Coaching conducted for student 1390,85,24,91,29
265,1825,Bicycle Provided,2025-04-12,Bicycle Provided conducted for student 1825,41,36,48,41
266,1572,Parent-Teacher Meeting,2025-03-28,Parent-Teacher Meeting conducted for student 1572,56,36,75,51
267,341,Uniform Provided,2025-11-24,Uniform Provided conducted for student 341,68,61,69,62
268,1572,Peer Buddy Assignment,2025-07-13,Peer Buddy Assignment conducted for student 1572,56,36,58,38
269,874,Extra Coaching,2025-07-12,Extra Coaching conducted for student 874,98,46,98,46
270,1479,Bicycle Provided,2025-01-16,Bicycle Provided conducted for student 1479,82,54,82,54
271,1730,Home Visit,2025-02-10,Home Visit conducted for student 1730,38,17,55,30
272,1313,Parent-Teacher Meeting,2025-02-27,Parent-Teacher Meeting conducted for student 1313,53,73,57,76
273,1517,Bicycle Provided,2025-09-21,Bicycle Provided conducted for student 1517,80,65,99,80
274,969,Bicycle Provided,2025-03-09,Bicycle Provided conducted for student 969,56,59,56,59
275,1731,Uniform Provided,2025-02-01,Uniform Provided conducted for student 1731,52,67,52,67
276,389,Bicycle Provided,2025-07-18,Bicycle Provided conducted for student 389,67,45,78,54
277,793,Parent-Teacher Meeting,2025-02-16,Parent-Teacher Meeting conducted for student 793,56,90,58,92
278,1464,Peer Buddy Assignment,2025-01-16,Peer Buddy Assignment conducted for student 1464,91,40,99,46
279,79,Scholarship Application,2025-09-24,Scholarship Application conducted for student 79,55,66,57,67
280,704,Extra Coaching,2025-11-06,Extra Coaching conducted for student 704,69,37,71,39
281,1152,Peer Buddy Assignment,2025-09-05,Peer Buddy Assignment conducted for student 1152,47,63,50,65
282,61,Peer Buddy Assignment,2025-05-01,Peer Buddy Assignment conducted for student 61,50,42,60,50
283,207,Uniform Provided,2025-06-28,Uniform Provided conducted for student 207,63,26,66,28
284,282,Scholarship Application,2025-06-20,Scholarship Application conducted for student 282,62,36,73,45
285,1866,Parent-Teacher Meeting,2025-01-01,Parent-Teacher Meeting conducted for student 1866,74,43,79,47
286,976,Home Visit,2025-12-25,Home Visit conducted for student 976,57,36,68,44
287,1314,Uniform Provided,2025-10-26,Uniform Provided conducted for student 1314,73,79,75,80
288,850,Extra Coaching,2025-02-23,Extra Coaching conducted for student 850,45,60,47,61
289,849,Scholarship Application,2025-06-22,Scholarship Application conducted for student 849,40,73,40,73
290,811,Extra Coaching,2025-04-11,Extra Coaching conducted for student 811,57,61,76,76
291,1245,Uniform Provided,2025-03-06,Uniform Provided conducted for student 1245,75,48,90,60
292,604,Peer Buddy Assignment,2025-01-26,Peer Buddy Assignment conducted for student 604,78,25,96,39
293,213,Parent-Teacher Meeting,2025-02-21,Parent-Teacher Meeting conducted for student 213,80,10,94,21
294,1133,Extra Coaching,2025-08-18,Extra Coaching conducted for student 1133,62,36,81,51
295,1820,Uniform Provided,2025-09-08,Uniform Provided conducted for student 1820,70,34,70,34
296,84,Home Visit,2025-02-01,Home Visit conducted for student 84,57,85,74,99
297,1369,Counselling Session,2025-10-10,Counselling Session conducted for student 1369,59,47,77,61
298,1427,Extra Coaching,2025-04-10,Extra Coaching conducted for student 1427,62,50,63,51
299,931,Extra Coaching,2025-03-26,Extra Coaching conducted for student 931,60,65,75,77
300,288,Counselling Session,2025-11-09,Counselling Session conducted for student 288,72,52,77,56
301,1025,Bicycle Provided,2025-08-10,Bicycle Provided conducted for student 1025,51,52,65,63
302,1286,Peer Buddy Assignment,2025-09-02,Peer Buddy Assignment conducted for student 1286,71,39,74,41
303,67,Scholarship Application,2025-01-13,Scholarship Application conducted for student 67,68,41,72,44
304,1986,Extra Coaching,2025-08-18,Extra Coaching conducted for student 1986,61,42,73,52
305,1089,Home Visit,2025-11-08,Home Visit conducted for student 1089,59,46,68,53
306,781,Counselling Session,2025-11-05,Counselling Session conducted for student 781,59,54,60,55
307,365,Uniform Provided,2025-05-08,Uniform Provided conducted for student 365,61,54,77,67
308,567,Bicycle Provided,2025-10-19,Bicycle Provided conducted for student 567,43,41,43,41
309,1439,Extra Coaching,2025-09-11,Extra Coaching conducted for student 1439,64,52,83,67
310,811,Uniform Provided,2025-06-19,Uniform Provided conducted for student 811,57,61,68,70
311,1246,Home Visit,2025-09-25,Home Visit conducted for student 1246,64,32,69,36
312,257,Home Visit,2025-07-20,Home Visit conducted for student 257,69,53,88,68
313,905,Home Visit,2025-12-10,Home Visit conducted for student 905,59,75,66,80
314,45,Peer Buddy Assignment,2025-09-20,Peer Buddy Assignment conducted for student 45,100,23,100,35
315,1644,Bicycle Provided,2025-01-13,Bicycle Provided conducted for student 1644,71,83,72,84
316,313,Home Visit,2025-07-11,Home Visit conducted for student 313,66,42,74,48
317,1270,Scholarship Application,2025-04-15,Scholarship Application conducted for student 1270,69,49,84,61
318,880,Extra Coaching,2025-08-02,Extra Coaching conducted for student 880,48,41,49,42
319,1156,Extra Coaching,2025-03-15,Extra Coaching conducted for student 1156,48,65,56,71
320,1722,Scholarship Application,2025-07-22,Scholarship Application conducted for student 1722,80,27,91,35
